MaPhieu,MaSach,MaBanDoc,NgayMuon,NgayHenTra,NgayTraThucTe,DaTra
PM1001,B01,R001,2026-08-01,2026-08-15,2026-08-14,1
PM1002,B02,R002,2026-08-10,2026-08-24,,0
PM1003,B05,R003,2026-07-01,2026-07-15,,0
PM1004,B07,R004,2026-09-01,2026-09-15,,0
PM1005,B12,R005,2026-08-02,2026-08-16,2026-08-15,1
PM1006,B13,R001,2026-08-03,2026-08-17,2026-08-16,1
PM1007,B14,R002,2026-08-04,2026-08-18,2026-08-18,1
PM1008,B15,R004,2026-08-05,2026-08-19,,0
PM1009,B16,R005,2026-08-06,2026-08-20,2026-08-19,1
PM1010,B17,R001,2026-08-07,2026-08-21,,0
PM1011,B18,R002,2026-08-08,2026-08-22,2026-08-21,1
PM1012,B19,R004,2026-08-09,2026-08-23,2026-08-22,1
PM1013,B20,R005,2026-08-11,2026-08-25,,0
PM1014,B21,R001,2026-08-12,2026-08-26,2026-08-25,1
PM1015,B22,R002,2026-08-13,2026-08-27,,0
PM1016,B23,R004,2026-08-14,2026-08-28,2026-08-27,1
PM1017,B24,R005,2026-08-15,2026-08-29,2026-08-28,1
PM1018,B25,R001,2026-08-16,2026-08-30,,0
PM1019,B26,R002,2026-08-17,2026-08-31,2026-08-30,1
PM1020,B27,R004,2026-08-18,2026-09-01,,0
PM1021,B28,R005,2026-08-19,2026-09-02,2026-09-01,1
PM1022,B29,R001,2026-08-20,2026-09-03,2026-09-02,1
PM1023,B30,R002,2026-08-21,2026-09-04,,0
PM1024,B31,R004,2026-08-22,2026-09-05,2026-09-04,1
PM1025,B32,R005,2026-08-23,2026-09-06,,0
PM1026,B33,R001,2026-08-24,2026-09-07,2026-09-06,1
PM1027,B34,R002,2026-08-25,2026-09-08,2026-09-08,1
PM1028,B35,R004,2026-08-26,2026-09-09,,0
PM1029,B36,R005,2026-08-27,2026-09-10,2026-09-09,1
PM1030,B37,R001,2026-08-28,2026-09-11,,0
PM1031,B38,R002,2026-08-29,2026-09-12,2026-09-11,1
PM1032,B39,R004,2026-08-30,2026-09-13,,0
PM1033,B40,R005,2026-08-31,2026-09-14,2026-09-13,1
PM1034,B41,R001,2026-09-01,2026-09-15,,0
PM1035,B42,R002,2026-09-02,2026-09-16,2026-09-15,1
PM1036,B43,R004,2026-09-03,2026-09-17,,0
PM1037,B44,R005,2026-09-04,2026-09-18,2026-09-17,1
PM1038,B45,R001,2026-09-05,2026-09-19,,0
PM1039,B46,R002,2026-09-06,2026-09-20,2026-09-19,1
PM1040,B47,R004,2026-09-07,2026-09-21,,0
PM1041,B48,R005,2026-09-08,2026-09-22,2026-09-21,1
PM1042,B49,R001,2026-09-09,2026-09-23,,0
PM1043,B50,R002,2026-09-10,2026-09-24,,0
PM1044,B51,R004,2026-09-11,2026-09-25,,0
PM1045,B01,R005,2026-09-12,2026-09-26,,0
PM1046,B02,R001,2026-09-13,2026-09-27,,0
PM1047,B03,R002,2026-09-14,2026-09-28,,0
PM1048,B04,R004,2026-09-15,2026-09-29,,0
PM1049,B06,R005,2026-09-16,2026-09-30,,0
PM1050,B08,R001,2026-09-17,2026-10-01,,0
PM1051,B09,R002,2026-09-18,2026-10-02,,0
PM1052,B10,R004,2026-09-19,2026-10-03,,0
PM1053,B11,R005,2026-09-20,2026-10-04,,0
PM1054,B12,R001,2026-09-21,2026-10-05,,0
PM1055,B52,R006,2026-08-01,2026-08-15,2026-08-14,1
PM1056,B53,R007,2026-08-02,2026-08-16,2026-08-15,1
PM1057,B54,R008,2026-08-03,2026-08-17,,0
PM1058,B55,R009,2026-08-04,2026-08-18,2026-08-17,1
PM1059,B56,R010,2026-08-05,2026-08-19,,0
PM1060,B57,R011,2026-08-06,2026-08-20,2026-08-19,1
PM1061,B58,R012,2026-08-07,2026-08-21,,0
PM1062,B59,R013,2026-08-08,2026-08-22,2026-08-21,1
PM1063,B60,R014,2026-08-09,2026-08-23,,0
PM1064,B61,R015,2026-08-10,2026-08-24,2026-08-23,1
PM1065,B62,R016,2026-08-11,2026-08-25,,0
PM1066,B63,R017,2026-08-12,2026-08-26,2026-08-25,1
PM1067,B64,R018,2026-08-13,2026-08-27,,0
PM1068,B65,R019,2026-08-14,2026-08-28,2026-08-27,1
PM1069,B66,R020,2026-08-15,2026-08-29,,0
PM1070,B67,R021,2026-08-16,2026-08-30,2026-08-29,1
PM1071,B68,R022,2026-08-17,2026-08-31,,0
PM1072,B69,R023,2026-08-18,2026-09-01,2026-08-31,1
PM1073,B70,R024,2026-08-19,2026-09-02,,0
PM1074,B71,R025,2026-08-20,2026-09-03,2026-09-02,1
PM1075,B72,R026,2026-08-21,2026-09-04,,0
PM1076,B73,R027,2026-08-22,2026-09-05,2026-09-04,1
PM1077,B74,R028,2026-08-23,2026-09-06,,0
PM1078,B75,R029,2026-08-24,2026-09-07,2026-09-06,1
PM1079,B76,R030,2026-08-25,2026-09-08,,0
PM1080,B77,R031,2026-08-26,2026-09-09,2026-09-08,1
PM1081,B78,R032,2026-08-27,2026-09-10,,0
PM1082,B79,R033,2026-08-28,2026-09-11,2026-09-10,1
PM1083,B80,R034,2026-08-29,2026-09-12,,0
PM1084,B81,R035,2026-08-30,2026-09-13,2026-09-12,1
PM1085,B82,R036,2026-08-31,2026-09-14,,0
PM1086,B83,R037,2026-09-01,2026-09-15,2026-09-14,1
PM1087,B84,R038,2026-09-02,2026-09-16,,0
PM1088,B85,R039,2026-09-03,2026-09-17,2026-09-16,1
PM1089,B86,R040,2026-09-04,2026-09-18,,0
PM1090,B87,R041,2026-09-05,2026-09-19,2026-09-18,1
PM1091,B88,R042,2026-09-06,2026-09-20,,0
PM1092,B89,R043,2026-09-07,2026-09-21,2026-09-20,1
PM1093,B90,R044,2026-09-08,2026-09-22,,0
PM1094,B91,R045,2026-09-09,2026-09-23,2026-09-22,1
PM1095,B92,R046,2026-09-10,2026-09-24,,0
PM1096,B93,R047,2026-09-11,2026-09-25,2026-09-24,1
PM1097,B94,R048,2026-09-12,2026-09-26,,0
PM1098,B95,R049,2026-09-13,2026-09-27,2026-09-26,1
PM1099,B96,R050,2026-09-14,2026-09-28,,0
PM1100,B97,R051,2026-09-15,2026-09-29,2026-09-28,1
PM1101,B98,R052,2026-09-16,2026-09-30,,0
PM1102,B99,R053,2026-09-17,2026-10-01,2026-09-30,1
PM1103,B100,R054,2026-09-18,2026-10-02,,0
PM1104,B101,R055,2026-09-19,2026-10-03,2026-10-02,1
PM1105,B102,R056,2026-09-20,2026-10-04,,0
PM1106,B103,R057,2026-09-21,2026-10-05,2026-10-04,1
PM1107,B104,R058,2026-09-22,2026-10-06,,0
PM1108,B105,R059,2026-09-23,2026-10-07,2026-10-06,1
PM1109,B106,R060,2026-09-24,2026-10-08,,0
PM1110,B107,R061,2026-09-25,2026-10-09,2026-10-08,1
PM1111,B108,R062,2026-09-26,2026-10-10,,0
PM1112,B109,R063,2026-09-27,2026-10-11,2026-10-10,1
PM1113,B110,R064,2026-09-28,2026-10-12,,0
PM1114,B111,R065,2026-09-29,2026-10-13,2026-10-12,1
PM1115,B112,R066,2026-09-30,2026-10-14,,0
PM1116,B113,R067,2026-10-01,2026-10-15,2026-10-14,1
PM1117,B114,R068,2026-10-02,2026-10-16,,0
PM1118,B115,R069,2026-10-03,2026-10-17,2026-10-16,1
PM1119,B116,R070,2026-10-04,2026-10-18,,0
PM1120,B117,R071,2026-10-05,2026-10-19,2026-10-18,1
PM1121,B118,R072,2026-10-06,2026-10-20,,0
PM1122,B119,R073,2026-10-07,2026-10-21,2026-10-20,1
PM1123,B120,R074,2026-10-08,2026-10-22,,0
PM1124,B121,R075,2026-10-09,2026-10-23,2026-10-22,1
PM1125,B122,R076,2026-10-10,2026-10-24,,0
PM1126,B123,R077,2026-10-11,2026-10-25,2026-10-24,1
PM1127,B124,R078,2026-10-12,2026-10-26,,0
PM1128,B125,R079,2026-10-13,2026-10-27,2026-10-26,1
PM1129,B126,R080,2026-10-14,2026-10-28,,0
PM1130,B127,R081,2026-10-15,2026-10-29,2026-10-28,1
PM1131,B128,R082,2026-10-16,2026-10-30,,0
PM1132,B129,R083,2026-10-17,2026-10-31,2026-10-30,1
PM1133,B130,R084,2026-10-18,2026-11-01,,0
PM1134,B131,R085,2026-10-19,2026-11-02,2026-11-01,1
PM1135,B132,R086,2026-10-20,2026-11-03,,0
PM1136,B133,R087,2026-10-21,2026-11-04,2026-11-03,1
PM1137,B134,R088,2026-10-22,2026-11-05,,0
PM1138,B135,R089,2026-10-23,2026-11-06,2026-11-05,1
PM1139,B136,R090,2026-10-24,2026-11-07,,0
PM1140,B137,R091,2026-10-25,2026-11-08,2026-11-07,1
PM1141,B138,R092,2026-10-26,2026-11-09,,0
PM1142,B139,R093,2026-10-27,2026-11-10,2026-11-09,1
PM1143,B140,R094,2026-10-28,2026-11-11,,0
PM1144,B141,R095,2026-10-29,2026-11-12,2026-11-11,1
PM1145,B142,R096,2026-10-30,2026-11-13,,0
PM1146,B143,R097,2026-10-31,2026-11-14,2026-11-13,1
PM1147,B144,R098,2026-11-01,2026-11-15,,0
PM1148,B145,R099,2026-11-02,2026-11-16,2026-11-15,1
PM1149,B146,R100,2026-11-03,2026-11-17,,0
PM1150,B147,R006,2026-11-04,2026-11-18,2026-11-17,1
PM1151,B148,R007,2026-11-05,2026-11-19,,0
PM1152,B149,R008,2026-11-06,2026-11-20,2026-11-19,1
PM1153,B150,R009,2026-11-07,2026-11-21,,0
PM1154,B151,R010,2026-11-08,2026-11-22,2026-11-21,1
PM1155,B52,R011,2026-11-09,2026-11-23,,0
PM1156,B53,R012,2026-11-10,2026-11-24,2026-11-23,1
PM1157,B54,R013,2026-11-11,2026-11-25,,0
PM1158,B55,R014,2026-11-12,2026-11-26,2026-11-25,1
PM1159,B56,R015,2026-11-13,2026-11-27,,0
PM1160,B57,R016,2026-11-14,2026-11-28,2026-11-27,1
PM1161,B58,R017,2026-11-15,2026-11-29,,0
PM1162,B59,R018,2026-11-16,2026-11-30,2026-11-29,1
PM1163,B60,R019,2026-11-17,2026-12-01,,0
PM1164,B61,R020,2026-11-18,2026-12-02,2026-12-01,1
PM1165,B62,R021,2026-11-19,2026-12-03,,0
PM1166,B63,R022,2026-11-20,2026-12-04,2026-12-03,1
PM1167,B64,R023,2026-11-21,2026-12-05,,0
PM1168,B65,R024,2026-11-22,2026-12-06,2026-12-05,1
PM1169,B66,R025,2026-11-23,2026-12-07,,0
PM1170,B67,R026,2026-11-24,2026-12-08,2026-12-07,1
PM1171,B68,R027,2026-11-25,2026-12-09,,0
PM1172,B69,R028,2026-11-26,2026-12-10,2026-12-09,1
PM1173,B70,R029,2026-11-27,2026-12-11,,0
PM1174,B71,R030,2026-11-28,2026-12-12,2026-12-11,1
PM1175,B72,R031,2026-11-29,2026-12-13,,0
PM1176,B73,R032,2026-11-30,2026-12-14,2026-12-13,1
PM1177,B74,R033,2026-12-01,2026-12-15,,0
PM1178,B75,R034,2026-12-02,2026-12-16,2026-12-15,1
PM1179,B76,R035,2026-12-03,2026-12-17,,0
PM1180,B77,R036,2026-12-04,2026-12-18,2026-12-17,1
PM1181,B78,R037,2026-12-05,2026-12-19,,0
PM1182,B79,R038,2026-12-06,2026-12-20,2026-12-19,1
PM1183,B80,R039,2026-12-07,2026-12-21,,0
PM1184,B81,R040,2026-12-08,2026-12-22,2026-12-21,1
PM1185,B82,R041,2026-12-09,2026-12-23,,0
PM1186,B83,R042,2026-12-10,2026-12-24,2026-12-23,1
PM1187,B84,R043,2026-12-11,2026-12-25,,0
PM1188,B85,R044,2026-12-12,2026-12-26,2026-12-25,1
PM1189,B86,R045,2026-12-13,2026-12-27,,0
PM1190,B87,R046,2026-12-14,2026-12-28,2026-12-27,1
PM1191,B88,R047,2026-12-15,2026-12-29,,0
PM1192,B89,R048,2026-12-16,2026-12-30,2026-12-29,1
PM1193,B90,R049,2026-12-17,2026-12-31,,0
PM1194,B91,R050,2026-12-18,2027-01-01,2026-12-31,1
PM1195,B92,R051,2026-12-19,2027-01-02,,0
PM1196,B93,R052,2026-12-20,2027-01-03,2027-01-02,1
PM1197,B94,R053,2026-12-21,2027-01-04,,0
PM1198,B95,R054,2026-12-22,2027-01-05,2027-01-04,1
PM1199,B96,R055,2026-12-23,2027-01-06,,0
PM1200,B97,R056,2026-12-24,2027-01-07,2027-01-06,1
PM1201,B98,R057,2027-01-01,2027-01-15,,0
PM1202,B99,R058,2027-01-02,2027-01-16,2027-01-15,1
PM1203,B100,R059,2027-01-03,2027-01-17,,0
PM1204,B101,R060,2027-01-04,2027-01-18,2027-01-17,1
PM1205,B102,R061,2027-01-05,2027-01-19,,0
PM1206,B103,R062,2027-01-06,2027-01-20,2027-01-19,1
PM1207,B104,R063,2027-01-07,2027-01-21,,0
PM1208,B105,R064,2027-01-08,2027-01-22,2027-01-21,1
PM1209,B106,R065,2027-01-09,2027-01-23,,0
PM1210,B107,R066,2027-01-10,2027-01-24,2027-01-23,1
PM1211,B108,R067,2027-01-11,2027-01-25,,0
PM1212,B109,R068,2027-01-12,2027-01-26,2027-01-25,1
PM1213,B110,R069,2027-01-13,2027-01-27,,0
PM1214,B111,R070,2027-01-14,2027-01-28,2027-01-27,1
PM1215,B112,R071,2027-01-15,2027-01-29,,0
PM1216,B113,R072,2027-01-16,2027-01-30,2027-01-29,1
PM1217,B114,R073,2027-01-17,2027-01-31,,0
PM1218,B115,R074,2027-01-18,2027-02-01,2027-01-31,1
PM1219,B116,R075,2027-01-19,2027-02-02,,0
PM1220,B117,R076,2027-01-20,2027-02-03,2027-02-02,1
PM1221,B118,R077,2027-01-21,2027-02-04,,0
PM1222,B119,R078,2027-01-22,2027-02-05,2027-02-04,1
PM1223,B120,R079,2027-01-23,2027-02-06,,0
PM1224,B121,R080,2027-01-24,2027-02-07,2027-02-06,1
PM1225,B122,R081,2027-01-25,2027-02-08,,0
PM1226,B123,R082,2027-01-26,2027-02-09,2027-02-08,1
PM1227,B124,R083,2027-01-27,2027-02-10,,0
PM1228,B125,R084,2027-01-28,2027-02-11,2027-02-10,1
PM1229,B126,R085,2027-01-29,2027-02-12,,0
PM1230,B127,R086,2027-01-30,2027-02-13,2027-02-12,1
PM1231,B128,R087,2027-01-31,2027-02-14,,0
PM1232,B129,R088,2027-02-01,2027-02-15,2027-02-14,1
PM1233,B130,R089,2027-02-02,2027-02-16,,0
PM1234,B131,R090,2027-02-03,2027-02-17,2027-02-16,1
PM1235,B132,R091,2027-02-04,2027-02-18,,0
PM1236,B133,R092,2027-02-05,2027-02-19,2027-02-18,1
PM1237,B134,R093,2027-02-06,2027-02-20,,0
PM1238,B135,R094,2027-02-07,2027-02-21,2027-02-20,1
PM1239,B136,R095,2027-02-08,2027-02-22,,0
PM1240,B137,R096,2027-02-09,2027-02-23,2027-02-22,1
PM1241,B138,R097,2027-02-10,2027-02-24,,0
PM1242,B139,R098,2027-02-11,2027-02-25,2027-02-24,1
PM1243,B140,R099,2027-02-12,2027-02-26,,0
PM1244,B141,R100,2027-02-13,2027-02-27,2027-02-26,1
PM1245,B142,R001,2027-02-14,2027-02-28,,0
PM1246,B143,R002,2027-02-15,2027-03-01,2027-02-28,1
PM1247,B144,R003,2027-02-16,2027-03-02,,0
PM1248,B145,R004,2027-02-17,2027-03-03,2027-03-02,1
PM1249,B146,R005,2027-02-18,2027-03-04,,0
PM1250,B147,R006,2027-02-19,2027-03-05,2027-03-04,1
PM1251,B148,R007,2027-02-20,2027-03-06,,0
PM1252,B149,R008,2027-02-21,2027-03-07,2027-03-06,1
PM1253,B150,R009,2027-02-22,2027-03-08,,0
PM1254,B151,R010,2027-02-23,2027-03-09,2027-03-08,1
PM1255,B52,R011,2027-02-24,2027-03-10,,0
PM1256,B53,R012,2027-02-25,2027-03-11,2027-03-10,1
PM1257,B54,R013,2027-02-26,2027-03-12,,0
PM1258,B55,R014,2027-02-27,2027-03-13,2027-03-12,1
PM1259,B56,R015,2027-02-28,2027-03-14,,0
PM1260,B57,R016,2027-03-01,2027-03-15,2027-03-14,1
PM1261,B58,R017,2027-03-02,2027-03-16,,0
PM1262,B59,R018,2027-03-03,2027-03-17,2027-03-16,1
PM1263,B60,R019,2027-03-04,2027-03-18,,0
PM1264,B61,R020,2027-03-05,2027-03-19,2027-03-18,1
PM1265,B62,R021,2027-03-06,2027-03-20,,0
PM1266,B63,R022,2027-03-07,2027-03-21,2027-03-20,1
PM1267,B64,R023,2027-03-08,2027-03-22,,0
PM1268,B65,R024,2027-03-09,2027-03-23,2027-03-22,1
PM1269,B66,R025,2027-03-10,2027-03-24,,0
PM1270,B67,R026,2027-03-11,2027-03-25,2027-03-24,1
PM1271,B68,R027,2027-03-12,2027-03-26,,0
PM1272,B69,R028,2027-03-13,2027-03-27,2027-03-26,1
PM1273,B70,R029,2027-03-14,2027-03-28,,0
PM1274,B71,R030,2027-03-15,2027-03-29,2027-03-28,1
PM1275,B72,R031,2027-03-16,2027-03-30,,0
PM1276,B73,R032,2027-03-17,2027-03-31,2027-03-30,1
PM1277,B74,R033,2027-03-18,2027-04-01,,0
PM1278,B75,R034,2027-03-19,2027-04-02,2027-04-01,1
PM1279,B76,R035,2027-03-20,2027-04-03,,0
PM1280,B77,R036,2027-03-21,2027-04-04,2027-04-03,1
PM1281,B78,R037,2027-03-22,2027-04-05,,0
PM1282,B79,R038,2027-03-23,2027-04-06,2027-04-05,1
PM1283,B80,R039,2027-03-24,2027-04-07,,0
PM1284,B81,R040,2027-03-25,2027-04-08,2027-04-07,1
PM1285,B82,R041,2027-03-26,2027-04-09,,0
PM1286,B83,R042,2027-03-27,2027-04-10,2027-04-09,1
PM1287,B84,R043,2027-03-28,2027-04-11,,0
PM1288,B85,R044,2027-03-29,2027-04-12,2027-04-11,1
PM1289,B86,R045,2027-03-30,2027-04-13,,0
PM1290,B87,R046,2027-03-31,2027-04-14,2027-04-13,1
PM1291,B88,R047,2027-04-01,2027-04-15,,0
PM1292,B89,R048,2027-04-02,2027-04-16,2027-04-15,1
PM1293,B90,R049,2027-04-03,2027-04-17,,0
PM1294,B91,R050,2027-04-04,2027-04-18,2027-04-17,1
PM1295,B92,R051,2027-04-05,2027-04-19,,0
PM1296,B93,R052,2027-04-06,2027-04-20,2027-04-19,1
PM1297,B94,R053,2027-04-07,2027-04-21,,0
PM1298,B95,R054,2027-04-08,2027-04-22,2027-04-21,1
PM1299,B96,R055,2027-04-09,2027-04-23,,0
PM1300,B97,R056,2027-04-10,2027-04-24,2027-04-23,1
