MaBanDoc,HoTen,Lop,TrangThaiThe,TienNoPhat
R001,"Nguyen Van An","CNTT-K65",ACTIVE,0
R002,"Tran Thi Binh","KTPM-K66",ACTIVE,15000
R003,"Le Van Cuong","HTTT-K64",BLOCKED,120000
R004,"Pham Minh Dung","KHMT-K65",ACTIVE,0
R005,"Hoang Thi Em","MMT-K66",ACTIVE,0
R006,"Nguyen Minh Anh","CNTT-K67",ACTIVE,0
R007,"Tran Quoc Bao","KTPM-K67",ACTIVE,0
R008,"Le Thi Cam","HTTT-K67",ACTIVE,0
R009,"Pham Tuan Duy","KHMT-K67",ACTIVE,0
R010,"Vo Ngoc Ha","MMT-K67",ACTIVE,0
R011,"Dang Hoang Nam","CNTT-K68",ACTIVE,0
R012,"Bui Thu Trang","KTPM-K68",ACTIVE,0
R013,"Do Thanh Tung","HTTT-K68",ACTIVE,0
R014,"Nguyen Khanh Linh","KHMT-K68",ACTIVE,0
R015,"Hoang Duc Long","MMT-K68",ACTIVE,0
R016,"Phan Ngoc Mai","CNTT-K69",ACTIVE,0
R017,"Truong Gia Minh","KTPM-K69",ACTIVE,0
R018,"Huynh Thao Nguyen","HTTT-K69",ACTIVE,0
R019,"Le Quang Huy","KHMT-K69",ACTIVE,0
R020,"Pham Thu Huong","MMT-K69",ACTIVE,0
R021,"Nguyen Duc Anh","CNTT-K70",ACTIVE,0
R022,"Tran Minh Chau","KTPM-K70",ACTIVE,0
R023,"Vo Thanh Dat","HTTT-K70",ACTIVE,0
R024,"Bui Ngoc Diep","KHMT-K70",ACTIVE,0
R025,"Dang Minh Hieu","MMT-K70",ACTIVE,0
R026,"Do Phuong Khanh","CNTT-K71",ACTIVE,0
R027,"Nguyen Hoai Lam","KTPM-K71",ACTIVE,0
R028,"Le Minh Quan","HTTT-K71",ACTIVE,0
R029,"Tran Ngoc Quynh","KHMT-K71",ACTIVE,0
R030,"Pham Hoang Son","MMT-K71",ACTIVE,0
R031,"Huynh Minh Tam","CNTT-K72",ACTIVE,0
R032,"Nguyen Thi Thanh","KTPM-K72",ACTIVE,0
R033,"Vo Tien Thanh","HTTT-K72",ACTIVE,0
R034,"Truong Bao Tram","KHMT-K72",ACTIVE,0
R035,"Le Van Vinh","MMT-K72",ACTIVE,0
R036,"Pham Ngoc Yen","CNTT-K73",ACTIVE,0
R037,"Tran Hai Dang","KTPM-K73",ACTIVE,0
R038,"Nguyen Thi Dieu","HTTT-K73",ACTIVE,0
R039,"Do Minh Khoa","KHMT-K73",ACTIVE,0
R040,"Hoang Phuong Thao","MMT-K73",ACTIVE,0
R041,"Bui Quoc Trung","CNTT-K74",ACTIVE,0
R042,"Le Thi Nhu","KTPM-K74",ACTIVE,0
R043,"Nguyen Tuan Kiet","HTTT-K74",ACTIVE,0
R044,"Pham Mai Anh","KHMT-K74",ACTIVE,0
R045,"Tran Duc Thinh","MMT-K74",ACTIVE,0
R046,"Vo Thi Kim","CNTT-K75",ACTIVE,0
R047,"Dang Quang Hieu","KTPM-K75",ACTIVE,0
R048,"Huynh Ngoc Han","HTTT-K75",ACTIVE,0
R049,"Nguyen Thanh Luan","KHMT-K75",ACTIVE,0
R050,"Do Thi My Linh","MMT-K75",ACTIVE,0
R051,"Tran Hoang Phuc","CNTT-K76",ACTIVE,0
R052,"Le Ngoc Thuy","KTPM-K76",ACTIVE,0
R053,"Pham Van Khang","HTTT-K76",ACTIVE,0
R054,"Nguyen Bao Chau","KHMT-K76",ACTIVE,0
R055,"Vo Minh Tri","MMT-K76",ACTIVE,0
R056,"Bui Thi Ngoc","CNTT-K77",ACTIVE,0
R057,"Dang Huu Phat","KTPM-K77",ACTIVE,0
R058,"Tran Khanh Vy","HTTT-K77",ACTIVE,0
R059,"Le Hoang Nam","KHMT-K77",ACTIVE,0
R060,"Nguyen Thi Phuong","MMT-K77",ACTIVE,0
R061,"Pham Duc Manh","CNTT-K78",ACTIVE,0
R062,"Hoang Thuy Tien","KTPM-K78",ACTIVE,0
R063,"Vo Quang Minh","HTTT-K78",ACTIVE,0
R064,"Tran Ngoc Han","KHMT-K78",ACTIVE,0
R065,"Do Van Tai","MMT-K78",ACTIVE,0
R066,"Nguyen Ha My","CNTT-K79",ACTIVE,0
R067,"Bui Minh Quan","KTPM-K79",ACTIVE,0
R068,"Pham Ngoc Anh","HTTT-K79",ACTIVE,0
R069,"Le Thanh Binh","KHMT-K79",ACTIVE,0
R070,"Hoang Gia Huy","MMT-K79",ACTIVE,0
R071,"Tran Thi Bich","CNTT-K80",ACTIVE,0
R072,"Nguyen Duc Thang","KTPM-K80",ACTIVE,0
R073,"Vo Thu Ha","HTTT-K80",ACTIVE,0
R074,"Dang Minh Quan","KHMT-K80",ACTIVE,0
R075,"Le Phuong Nhi","MMT-K80",ACTIVE,0
R076,"Pham Thanh Cong","CNTT-K81",ACTIVE,0
R077,"Hoang Ngoc Anh","KTPM-K81",ACTIVE,0
R078,"Tran Quoc Khanh","HTTT-K81",ACTIVE,0
R079,"Nguyen Thi Minh Chau","KHMT-K81",ACTIVE,0
R080,"Do Hoang Viet","MMT-K81",ACTIVE,0
R081,"Bui Thanh Ha","CNTT-K82",ACTIVE,0
R082,"Le Gia Bao","KTPM-K82",ACTIVE,0
R083,"Pham Thi Lan Anh","HTTT-K82",ACTIVE,0
R084,"Nguyen Hoang Phuc","KHMT-K82",ACTIVE,0
R085,"Vo Minh Ngoc","MMT-K82",ACTIVE,0
R086,"Tran Anh Tuan","CNTT-K83",ACTIVE,0
R087,"Dang Thi Huong","KTPM-K83",ACTIVE,0
R088,"Hoang Van Kiet","HTTT-K83",ACTIVE,0
R089,"Le Ngoc Anh","KHMT-K83",ACTIVE,0
R090,"Pham Quoc Bao","MMT-K83",ACTIVE,0
R091,"Nguyen Thi Khanh","CNTT-K84",ACTIVE,0
R092,"Bui Hoang Long","KTPM-K84",ACTIVE,0
R093,"Vo Thanh Nhan","HTTT-K84",ACTIVE,0
R094,"Tran My Duyen","KHMT-K84",ACTIVE,0
R095,"Do Minh Quan","MMT-K84",ACTIVE,0
R096,"Le Thi Ngoc","CNTT-K85",ACTIVE,0
R097,"Pham Anh Khoa","KTPM-K85",ACTIVE,0
R098,"Nguyen Thanh Truc","HTTT-K85",ACTIVE,0
R099,"Hoang Minh Quan","KHMT-K85",ACTIVE,0
R100,"Tran Thi Thao","MMT-K85",ACTIVE,0
R101,"Nguyen Hoang Anh","CNTT-K86",ACTIVE,0
R102,"Tran Minh Duc","KTPM-K86",ACTIVE,0
R103,"Le Thi Ngoc Mai","HTTT-K86",ACTIVE,0
R104,"Pham Quoc Viet","KHMT-K86",ACTIVE,0
R105,"Vo Thanh Ha","MMT-K86",ACTIVE,0
R106,"Dang Gia Bao","CNTT-K87",ACTIVE,0
R107,"Bui Khanh Linh","KTPM-K87",ACTIVE,0
R108,"Do Van Phuc","HTTT-K87",ACTIVE,0
R109,"Nguyen Thuy Tien","KHMT-K87",ACTIVE,0
R110,"Hoang Minh Kiet","MMT-K87",ACTIVE,0
R111,"Phan Ngoc Anh","CNTT-K88",ACTIVE,0
R112,"Truong Duc Minh","KTPM-K88",ACTIVE,0
R113,"Huynh Bao Ngoc","HTTT-K88",ACTIVE,0
R114,"Le Quang Vinh","KHMT-K88",ACTIVE,0
R115,"Pham Mai Phuong","MMT-K88",ACTIVE,0
R116,"Nguyen Thanh Dat","CNTT-K89",ACTIVE,0
R117,"Tran Ngoc Han","KTPM-K89",ACTIVE,0
R118,"Vo Minh Quan","HTTT-K89",ACTIVE,0
R119,"Bui Thi Thu","KHMT-K89",ACTIVE,0
R120,"Dang Hoai Nam","MMT-K89",ACTIVE,0
R121,"Do Khanh Vy","CNTT-K90",ACTIVE,0
R122,"Nguyen Duc Thinh","KTPM-K90",ACTIVE,0
R123,"Le Phuong Anh","HTTT-K90",ACTIVE,0
R124,"Tran Minh Hoang","KHMT-K90",ACTIVE,0
R125,"Pham Ngoc Chau","MMT-K90",ACTIVE,0
R126,"Huynh Quoc Huy","CNTT-K91",ACTIVE,0
R127,"Nguyen Thi Mai","KTPM-K91",ACTIVE,0
R128,"Vo Tuan Anh","HTTT-K91",ACTIVE,0
R129,"Truong Ngoc Lan","KHMT-K91",ACTIVE,0
R130,"Le Hoang Phuc","MMT-K91",ACTIVE,0
R131,"Pham Gia Huy","CNTT-K92",ACTIVE,0
R132,"Tran Thu Ha","KTPM-K92",ACTIVE,0
R133,"Nguyen Van Khoa","HTTT-K92",ACTIVE,0
R134,"Bui Minh Chau","KHMT-K92",ACTIVE,0
R135,"Do Hoang Nam","MMT-K92",ACTIVE,0
R136,"Le Thi Thanh","CNTT-K93",ACTIVE,0
R137,"Pham Tien Dung","KTPM-K93",ACTIVE,0
R138,"Hoang Ngoc Anh","HTTT-K93",ACTIVE,0
R139,"Nguyen Quang Huy","KHMT-K93",ACTIVE,0
R140,"Tran Phuong Thao","MMT-K93",ACTIVE,0
R141,"Vo Duc Long","CNTT-K94",ACTIVE,0
R142,"Dang Thi Hoa","KTPM-K94",ACTIVE,0
R143,"Le Minh Tuan","HTTT-K94",ACTIVE,0
R144,"Pham Khanh Linh","KHMT-K94",ACTIVE,0
R145,"Nguyen Hoai Nam","MMT-K94",ACTIVE,0
R146,"Bui Quoc Khanh","CNTT-K95",ACTIVE,0
R147,"Tran Thi Huong","KTPM-K95",ACTIVE,0
R148,"Do Minh Tri","HTTT-K95",ACTIVE,0
R149,"Vo Ngoc Tram","KHMT-K95",ACTIVE,0
R150,"Le Thanh Tung","MMT-K95",ACTIVE,0
R151,"Nguyen Gia Hieu","CNTT-K96",ACTIVE,0
R152,"Pham Thi Ngan","KTPM-K96",ACTIVE,0
R153,"Hoang Duc Anh","HTTT-K96",ACTIVE,0
R154,"Tran Bao Linh","KHMT-K96",ACTIVE,0
R155,"Bui Van Thang","MMT-K96",ACTIVE,0
R156,"Do Thi My","CNTT-K97",ACTIVE,0
R157,"Nguyen Huu Phat","KTPM-K97",ACTIVE,0
R158,"Le Ngoc Han","HTTT-K97",ACTIVE,0
R159,"Pham Quang Minh","KHMT-K97",ACTIVE,0
R160,"Vo Thi Yen","MMT-K97",ACTIVE,0
R161,"Tran Duc Huy","CNTT-K98",ACTIVE,0
R162,"Nguyen Thi Bich","KTPM-K98",ACTIVE,0
R163,"Hoang Van Long","HTTT-K98",ACTIVE,0
R164,"Bui Khanh Ngoc","KHMT-K98",ACTIVE,0
R165,"Le Minh Anh","MMT-K98",ACTIVE,0
R166,"Pham Thanh Son","CNTT-K99",ACTIVE,0
R167,"Do Thi Lan","KTPM-K99",ACTIVE,0
R168,"Nguyen Quoc Bao","HTTT-K99",ACTIVE,0
R169,"Tran Ngoc Diep","KHMT-K99",ACTIVE,0
R170,"Vo Minh Hoang","MMT-K99",ACTIVE,0
R171,"Le Duc Anh","CNTT-K100",ACTIVE,0
R172,"Bui Thi Hanh","KTPM-K100",ACTIVE,0
R173,"Pham Hoang Nam","HTTT-K100",ACTIVE,0
R174,"Nguyen Thao Vy","KHMT-K100",ACTIVE,0
R175,"Dang Van Minh","MMT-K100",ACTIVE,0
R176,"Tran Gia Khang","CNTT-K101",ACTIVE,0
R177,"Le Thi Phuong","KTPM-K101",ACTIVE,0
R178,"Vo Quoc Anh","HTTT-K101",ACTIVE,0
R179,"Nguyen Minh Tu","KHMT-K101",ACTIVE,0
R180,"Pham Ngoc Bich","MMT-K101",ACTIVE,0
R181,"Hoang Tuan Anh","CNTT-K102",ACTIVE,0
R182,"Do Khanh Toan","KTPM-K102",ACTIVE,0
R183,"Bui Thanh Tam","HTTT-K102",ACTIVE,0
R184,"Tran Thi Ngoc","KHMT-K102",ACTIVE,0
R185,"Le Van Hung","MMT-K102",ACTIVE,0
R186,"Nguyen Duc Manh","CNTT-K103",ACTIVE,0
R187,"Pham Thi Thuy","KTPM-K103",ACTIVE,0
R188,"Vo Thanh Liem","HTTT-K103",ACTIVE,0
R189,"Hoang Mai Anh","KHMT-K103",ACTIVE,0
R190,"Dang Quang Huy","MMT-K103",ACTIVE,0
R191,"Tran Minh Khang","CNTT-K104",ACTIVE,0
R192,"Le Thi Kim","KTPM-K104",ACTIVE,0
R193,"Nguyen Van Phuc","HTTT-K104",ACTIVE,0
R194,"Bui Ngoc Anh","KHMT-K104",ACTIVE,0
R195,"Pham Duc Hieu","MMT-K104",ACTIVE,0
R196,"Do Thi Huong","CNTT-K105",ACTIVE,0
R197,"Hoang Quoc Bao","KTPM-K105",ACTIVE,0
R198,"Vo Minh Chau","HTTT-K105",ACTIVE,0
R199,"Tran Anh Duy","KHMT-K105",ACTIVE,0
R200,"Nguyen Thi Ha","MMT-K105",ACTIVE,0
R201,"Le Hoang Minh","CNTT-K106",ACTIVE,0
R202,"Pham Ngoc Son","KTPM-K106",ACTIVE,0
R203,"Bui Thi Mai","HTTT-K106",ACTIVE,0
R204,"Do Van Thanh","KHMT-K106",ACTIVE,0
R205,"Nguyen Khanh Vy","MMT-K106",ACTIVE,0
R206,"Tran Quoc Hieu","CNTT-K107",ACTIVE,0
R207,"Vo Thi Lan","KTPM-K107",ACTIVE,0
R208,"Le Minh Duc","HTTT-K107",ACTIVE,0
R209,"Pham Thuy Linh","KHMT-K107",ACTIVE,0
R210,"Hoang Van Anh","MMT-K107",ACTIVE,0
R211,"Nguyen Thanh Binh","CNTT-K108",ACTIVE,0
R212,"Bui Hoang Yen","KTPM-K108",ACTIVE,0
R213,"Do Minh Hieu","HTTT-K108",ACTIVE,0
R214,"Tran Ngoc Linh","KHMT-K108",ACTIVE,0
R215,"Le Quang Anh","MMT-K108",ACTIVE,0
R216,"Pham Duc Thang","CNTT-K109",ACTIVE,0
R217,"Nguyen Thi Lien","KTPM-K109",ACTIVE,0
R218,"Vo Hoang Long","HTTT-K109",ACTIVE,0
R219,"Bui Khanh Anh","KHMT-K109",ACTIVE,0
R220,"Tran Van Duy","MMT-K109",ACTIVE,0
R221,"Le Thi Minh","CNTT-K110",ACTIVE,0
R222,"Pham Quoc Anh","KTPM-K110",ACTIVE,0
R223,"Nguyen Hoang Phuc","HTTT-K110",ACTIVE,0
R224,"Do Ngoc Han","KHMT-K110",ACTIVE,0
R225,"Vo Thanh Tung","MMT-K110",ACTIVE,0
R226,"Hoang Minh Anh","CNTT-K111",ACTIVE,0
R227,"Bui Thi Thao","KTPM-K111",ACTIVE,0
R228,"Tran Duc Minh","HTTT-K111",ACTIVE,0
R229,"Le Ngoc Phuong","KHMT-K111",ACTIVE,0
R230,"Nguyen Van Huy","MMT-K111",ACTIVE,0
R231,"Pham Thi Anh","CNTT-K112",ACTIVE,0
R232,"Do Quang Minh","KTPM-K112",ACTIVE,0
R233,"Vo Minh Duc","HTTT-K112",ACTIVE,0
R234,"Hoang Ngoc Mai","KHMT-K112",ACTIVE,0
R235,"Tran Quoc Viet","MMT-K112",ACTIVE,0
R236,"Le Thanh Hai","CNTT-K113",ACTIVE,0
R237,"Nguyen Thi Nga","KTPM-K113",ACTIVE,0
R238,"Bui Gia Huy","HTTT-K113",ACTIVE,0
R239,"Pham Minh Anh","KHMT-K113",ACTIVE,0
R240,"Do Van Kien","MMT-K113",ACTIVE,0
R241,"Vo Thi Huyen","CNTT-K114",ACTIVE,0
R242,"Tran Minh Quan","KTPM-K114",ACTIVE,0
R243,"Le Hoang Yen","HTTT-K114",ACTIVE,0
R244,"Nguyen Duc Khoi","KHMT-K114",ACTIVE,0
R245,"Pham Ngoc Thao","MMT-K114",ACTIVE,0
R246,"Hoang Thanh Tung","CNTT-K115",ACTIVE,0
R247,"Bui Thi Van","KTPM-K115",ACTIVE,0
R248,"Do Minh Long","HTTT-K115",ACTIVE,0
R249,"Tran Khanh Linh","KHMT-K115",ACTIVE,0
R250,"Le Quoc Huy","MMT-K115",ACTIVE,0
R251,"Nguyen Mai Anh","CNTT-K116",ACTIVE,0
R252,"Pham Van Tuan","KTPM-K116",ACTIVE,0
R253,"Vo Thi Ngoc","HTTT-K116",ACTIVE,0
R254,"Hoang Duc Minh","KHMT-K116",ACTIVE,0
R255,"Tran Phuong Linh","MMT-K116",ACTIVE,0
R256,"Le Minh Khoa","CNTT-K117",ACTIVE,0
R257,"Bui Thanh Huyen","KTPM-K117",ACTIVE,0
R258,"Nguyen Quang Vinh","HTTT-K117",ACTIVE,0
R259,"Do Thi Mai","KHMT-K117",ACTIVE,0
R260,"Pham Hoai Nam","MMT-K117",ACTIVE,0
R261,"Vo Duc Huy","CNTT-K118",ACTIVE,0
R262,"Tran Thi Bich","KTPM-K118",ACTIVE,0
R263,"Le Van Minh","HTTT-K118",ACTIVE,0
R264,"Nguyen Ngoc Han","KHMT-K118",ACTIVE,0
R265,"Hoang Quang Anh","MMT-K118",ACTIVE,0
R266,"Pham Minh Duc","CNTT-K119",ACTIVE,0
R267,"Bui Thi Trang","KTPM-K119",ACTIVE,0
R268,"Do Hoang Minh","HTTT-K119",ACTIVE,0
R269,"Tran Ngoc Anh","KHMT-K119",ACTIVE,0
R270,"Le Thanh Dat","MMT-K119",ACTIVE,0
R271,"Nguyen Thi Yen","CNTT-K120",ACTIVE,0
R272,"Vo Quoc Huy","KTPM-K120",ACTIVE,0
R273,"Pham Ngoc Minh","HTTT-K120",ACTIVE,0
R274,"Hoang Thi Linh","KHMT-K120",ACTIVE,0
R275,"Tran Van Khoa","MMT-K120",ACTIVE,0
R276,"Le Gia Huy","CNTT-K121",ACTIVE,0
R277,"Nguyen Thi Phuong","KTPM-K121",ACTIVE,0
R278,"Bui Minh Anh","HTTT-K121",ACTIVE,0
R279,"Pham Duc Long","KHMT-K121",ACTIVE,0
R280,"Do Ngoc Mai","MMT-K121",ACTIVE,0
R281,"Hoang Minh Khoa","CNTT-K122",ACTIVE,0
R282,"Tran Thi Nhi","KTPM-K122",ACTIVE,0
R283,"Le Quang Minh","HTTT-K122",ACTIVE,0
R284,"Nguyen Bao Ngoc","KHMT-K122",ACTIVE,0
R285,"Vo Thanh Son","MMT-K122",ACTIVE,0
R286,"Pham Khanh Huy","CNTT-K123",ACTIVE,0
R287,"Bui Thi Ngoc","KTPM-K123",ACTIVE,0
R288,"Do Minh Anh","HTTT-K123",ACTIVE,0
R289,"Tran Hoang Nam","KHMT-K123",ACTIVE,0
R290,"Le Thi Huyen","MMT-K123",ACTIVE,0
R291,"Nguyen Duc Huy","CNTT-K124",ACTIVE,0
R292,"Vo Ngoc Minh","KTPM-K124",ACTIVE,0
R293,"Pham Thi Minh","HTTT-K124",ACTIVE,0
R294,"Hoang Quoc Minh","KHMT-K124",ACTIVE,0
R295,"Tran Gia Bao","MMT-K124",ACTIVE,0
R296,"Le Minh Hoang","CNTT-K125",ACTIVE,0
R297,"Nguyen Thi Chau","KTPM-K125",ACTIVE,0
R298,"Bui Quoc Huy","HTTT-K125",ACTIVE,0
R299,"Pham Ngoc Linh","KHMT-K125",ACTIVE,0
R300,"Do Thanh Nam","MMT-K125",ACTIVE,0
